task_id	allele	safe_allele	fasta_path	n_pairs	n_peptides
1	HLA-A*01:01	HLA_A_01_01	/ix/djishnu/Priyamvada/virauto/data/epitopes/iedb/netmhcpan/fasta_by_allele/HLA_A_01_01.fasta	1181	429
2	HLA-A*02:01	HLA_A_02_01	/ix/djishnu/Priyamvada/virauto/data/epitopes/iedb/netmhcpan/fasta_by_allele/HLA_A_02_01.fasta	12423	4465
3	HLA-A*02:03	HLA_A_02_03	/ix/djishnu/Priyamvada/virauto/data/epitopes/iedb/netmhcpan/fasta_by_allele/HLA_A_02_03.fasta	88	39
4	HLA-A*02:05	HLA_A_02_05	/ix/djishnu/Priyamvada/virauto/data/epitopes/iedb/netmhcpan/fasta_by_allele/HLA_A_02_05.fasta	8	9
5	HLA-A*02:06	HLA_A_02_06	/ix/djishnu/Priyamvada/virauto/data/epitopes/iedb/netmhcpan/fasta_by_allele/HLA_A_02_06.fasta	152	69
6	HLA-A*02:07	HLA_A_02_07	/ix/djishnu/Priyamvada/virauto/data/epitopes/iedb/netmhcpan/fasta_by_allele/HLA_A_02_07.fasta	406	153
7	HLA-A*03:01	HLA_A_03_01	/ix/djishnu/Priyamvada/virauto/data/epitopes/iedb/netmhcpan/fasta_by_allele/HLA_A_03_01.fasta	657	260
8	HLA-A*11:01	HLA_A_11_01	/ix/djishnu/Priyamvada/virauto/data/epitopes/iedb/netmhcpan/fasta_by_allele/HLA_A_11_01.fasta	1275	375
9	HLA-A*11:02	HLA_A_11_02	/ix/djishnu/Priyamvada/virauto/data/epitopes/iedb/netmhcpan/fasta_by_allele/HLA_A_11_02.fasta	1	2
10	HLA-A*23:01	HLA_A_23_01	/ix/djishnu/Priyamvada/virauto/data/epitopes/iedb/netmhcpan/fasta_by_allele/HLA_A_23_01.fasta	357	275
11	HLA-A*24:02	HLA_A_24_02	/ix/djishnu/Priyamvada/virauto/data/epitopes/iedb/netmhcpan/fasta_by_allele/HLA_A_24_02.fasta	4133	1321
12	HLA-A*24:03	HLA_A_24_03	/ix/djishnu/Priyamvada/virauto/data/epitopes/iedb/netmhcpan/fasta_by_allele/HLA_A_24_03.fasta	13	12
13	HLA-A*25:01	HLA_A_25_01	/ix/djishnu/Priyamvada/virauto/data/epitopes/iedb/netmhcpan/fasta_by_allele/HLA_A_25_01.fasta	6	0
14	HLA-A*26:01	HLA_A_26_01	/ix/djishnu/Priyamvada/virauto/data/epitopes/iedb/netmhcpan/fasta_by_allele/HLA_A_26_01.fasta	127	70
15	HLA-A*29:01	HLA_A_29_01	/ix/djishnu/Priyamvada/virauto/data/epitopes/iedb/netmhcpan/fasta_by_allele/HLA_A_29_01.fasta	40	11
16	HLA-A*29:02	HLA_A_29_02	/ix/djishnu/Priyamvada/virauto/data/epitopes/iedb/netmhcpan/fasta_by_allele/HLA_A_29_02.fasta	314	97
17	HLA-A*30:01	HLA_A_30_01	/ix/djishnu/Priyamvada/virauto/data/epitopes/iedb/netmhcpan/fasta_by_allele/HLA_A_30_01.fasta	34	25
18	HLA-A*30:02	HLA_A_30_02	/ix/djishnu/Priyamvada/virauto/data/epitopes/iedb/netmhcpan/fasta_by_allele/HLA_A_30_02.fasta	48	18
19	HLA-A*31:01	HLA_A_31_01	/ix/djishnu/Priyamvada/virauto/data/epitopes/iedb/netmhcpan/fasta_by_allele/HLA_A_31_01.fasta	178	68
20	HLA-A*32:01	HLA_A_32_01	/ix/djishnu/Priyamvada/virauto/data/epitopes/iedb/netmhcpan/fasta_by_allele/HLA_A_32_01.fasta	83	28
21	HLA-A*33:01	HLA_A_33_01	/ix/djishnu/Priyamvada/virauto/data/epitopes/iedb/netmhcpan/fasta_by_allele/HLA_A_33_01.fasta	101	37
22	HLA-A*33:03	HLA_A_33_03	/ix/djishnu/Priyamvada/virauto/data/epitopes/iedb/netmhcpan/fasta_by_allele/HLA_A_33_03.fasta	196	35
23	HLA-A*68:01	HLA_A_68_01	/ix/djishnu/Priyamvada/virauto/data/epitopes/iedb/netmhcpan/fasta_by_allele/HLA_A_68_01.fasta	239	57
24	HLA-A*68:02	HLA_A_68_02	/ix/djishnu/Priyamvada/virauto/data/epitopes/iedb/netmhcpan/fasta_by_allele/HLA_A_68_02.fasta	45	8
25	HLA-B*07:02	HLA_B_07_02	/ix/djishnu/Priyamvada/virauto/data/epitopes/iedb/netmhcpan/fasta_by_allele/HLA_B_07_02.fasta	4018	1062
26	HLA-B*08:01	HLA_B_08_01	/ix/djishnu/Priyamvada/virauto/data/epitopes/iedb/netmhcpan/fasta_by_allele/HLA_B_08_01.fasta	932	301
27	HLA-B*13:01	HLA_B_13_01	/ix/djishnu/Priyamvada/virauto/data/epitopes/iedb/netmhcpan/fasta_by_allele/HLA_B_13_01.fasta	8	9
28	HLA-B*13:02	HLA_B_13_02	/ix/djishnu/Priyamvada/virauto/data/epitopes/iedb/netmhcpan/fasta_by_allele/HLA_B_13_02.fasta	13	13
29	HLA-B*14:01	HLA_B_14_01	/ix/djishnu/Priyamvada/virauto/data/epitopes/iedb/netmhcpan/fasta_by_allele/HLA_B_14_01.fasta	4	0
30	HLA-B*14:02	HLA_B_14_02	/ix/djishnu/Priyamvada/virauto/data/epitopes/iedb/netmhcpan/fasta_by_allele/HLA_B_14_02.fasta	38	20
31	HLA-B*15:01	HLA_B_15_01	/ix/djishnu/Priyamvada/virauto/data/epitopes/iedb/netmhcpan/fasta_by_allele/HLA_B_15_01.fasta	420	148
32	HLA-B*15:02	HLA_B_15_02	/ix/djishnu/Priyamvada/virauto/data/epitopes/iedb/netmhcpan/fasta_by_allele/HLA_B_15_02.fasta	9	10
33	HLA-B*15:03	HLA_B_15_03	/ix/djishnu/Priyamvada/virauto/data/epitopes/iedb/netmhcpan/fasta_by_allele/HLA_B_15_03.fasta	14	4
34	HLA-B*15:10	HLA_B_15_10	/ix/djishnu/Priyamvada/virauto/data/epitopes/iedb/netmhcpan/fasta_by_allele/HLA_B_15_10.fasta	19	0
35	HLA-B*18:01	HLA_B_18_01	/ix/djishnu/Priyamvada/virauto/data/epitopes/iedb/netmhcpan/fasta_by_allele/HLA_B_18_01.fasta	60	28
36	HLA-B*27:01	HLA_B_27_01	/ix/djishnu/Priyamvada/virauto/data/epitopes/iedb/netmhcpan/fasta_by_allele/HLA_B_27_01.fasta	12	4
37	HLA-B*27:02	HLA_B_27_02	/ix/djishnu/Priyamvada/virauto/data/epitopes/iedb/netmhcpan/fasta_by_allele/HLA_B_27_02.fasta	100	38
38	HLA-B*27:04	HLA_B_27_04	/ix/djishnu/Priyamvada/virauto/data/epitopes/iedb/netmhcpan/fasta_by_allele/HLA_B_27_04.fasta	13	9
39	HLA-B*27:05	HLA_B_27_05	/ix/djishnu/Priyamvada/virauto/data/epitopes/iedb/netmhcpan/fasta_by_allele/HLA_B_27_05.fasta	349	133
40	HLA-B*35:01	HLA_B_35_01	/ix/djishnu/Priyamvada/virauto/data/epitopes/iedb/netmhcpan/fasta_by_allele/HLA_B_35_01.fasta	1277	444
41	HLA-B*35:02	HLA_B_35_02	/ix/djishnu/Priyamvada/virauto/data/epitopes/iedb/netmhcpan/fasta_by_allele/HLA_B_35_02.fasta	31	3
42	HLA-B*35:03	HLA_B_35_03	/ix/djishnu/Priyamvada/virauto/data/epitopes/iedb/netmhcpan/fasta_by_allele/HLA_B_35_03.fasta	110	9
43	HLA-B*35:08	HLA_B_35_08	/ix/djishnu/Priyamvada/virauto/data/epitopes/iedb/netmhcpan/fasta_by_allele/HLA_B_35_08.fasta	3	2
44	HLA-B*37:01	HLA_B_37_01	/ix/djishnu/Priyamvada/virauto/data/epitopes/iedb/netmhcpan/fasta_by_allele/HLA_B_37_01.fasta	20	5
45	HLA-B*38:01	HLA_B_38_01	/ix/djishnu/Priyamvada/virauto/data/epitopes/iedb/netmhcpan/fasta_by_allele/HLA_B_38_01.fasta	14	0
46	HLA-B*38:02	HLA_B_38_02	/ix/djishnu/Priyamvada/virauto/data/epitopes/iedb/netmhcpan/fasta_by_allele/HLA_B_38_02.fasta	4	0
47	HLA-B*39:01	HLA_B_39_01	/ix/djishnu/Priyamvada/virauto/data/epitopes/iedb/netmhcpan/fasta_by_allele/HLA_B_39_01.fasta	2	0
48	HLA-B*40:01	HLA_B_40_01	/ix/djishnu/Priyamvada/virauto/data/epitopes/iedb/netmhcpan/fasta_by_allele/HLA_B_40_01.fasta	423	89
49	HLA-B*40:02	HLA_B_40_02	/ix/djishnu/Priyamvada/virauto/data/epitopes/iedb/netmhcpan/fasta_by_allele/HLA_B_40_02.fasta	39	17
50	HLA-B*40:06	HLA_B_40_06	/ix/djishnu/Priyamvada/virauto/data/epitopes/iedb/netmhcpan/fasta_by_allele/HLA_B_40_06.fasta	25	7
51	HLA-B*41:01	HLA_B_41_01	/ix/djishnu/Priyamvada/virauto/data/epitopes/iedb/netmhcpan/fasta_by_allele/HLA_B_41_01.fasta	16	0
52	HLA-B*41:02	HLA_B_41_02	/ix/djishnu/Priyamvada/virauto/data/epitopes/iedb/netmhcpan/fasta_by_allele/HLA_B_41_02.fasta	26	14
53	HLA-B*44:02	HLA_B_44_02	/ix/djishnu/Priyamvada/virauto/data/epitopes/iedb/netmhcpan/fasta_by_allele/HLA_B_44_02.fasta	278	52
54	HLA-B*44:03	HLA_B_44_03	/ix/djishnu/Priyamvada/virauto/data/epitopes/iedb/netmhcpan/fasta_by_allele/HLA_B_44_03.fasta	165	31
55	HLA-B*45:01	HLA_B_45_01	/ix/djishnu/Priyamvada/virauto/data/epitopes/iedb/netmhcpan/fasta_by_allele/HLA_B_45_01.fasta	27	19
56	HLA-B*46:01	HLA_B_46_01	/ix/djishnu/Priyamvada/virauto/data/epitopes/iedb/netmhcpan/fasta_by_allele/HLA_B_46_01.fasta	5	4
57	HLA-B*48:01	HLA_B_48_01	/ix/djishnu/Priyamvada/virauto/data/epitopes/iedb/netmhcpan/fasta_by_allele/HLA_B_48_01.fasta	4	0
58	HLA-B*49:01	HLA_B_49_01	/ix/djishnu/Priyamvada/virauto/data/epitopes/iedb/netmhcpan/fasta_by_allele/HLA_B_49_01.fasta	5	0
59	HLA-B*50:01	HLA_B_50_01	/ix/djishnu/Priyamvada/virauto/data/epitopes/iedb/netmhcpan/fasta_by_allele/HLA_B_50_01.fasta	25	21
60	HLA-B*51:01	HLA_B_51_01	/ix/djishnu/Priyamvada/virauto/data/epitopes/iedb/netmhcpan/fasta_by_allele/HLA_B_51_01.fasta	334	112
61	HLA-B*52:01	HLA_B_52_01	/ix/djishnu/Priyamvada/virauto/data/epitopes/iedb/netmhcpan/fasta_by_allele/HLA_B_52_01.fasta	18	4
62	HLA-B*53:01	HLA_B_53_01	/ix/djishnu/Priyamvada/virauto/data/epitopes/iedb/netmhcpan/fasta_by_allele/HLA_B_53_01.fasta	213	66
63	HLA-B*54:01	HLA_B_54_01	/ix/djishnu/Priyamvada/virauto/data/epitopes/iedb/netmhcpan/fasta_by_allele/HLA_B_54_01.fasta	22	8
64	HLA-B*55:01	HLA_B_55_01	/ix/djishnu/Priyamvada/virauto/data/epitopes/iedb/netmhcpan/fasta_by_allele/HLA_B_55_01.fasta	18	3
65	HLA-B*55:02	HLA_B_55_02	/ix/djishnu/Priyamvada/virauto/data/epitopes/iedb/netmhcpan/fasta_by_allele/HLA_B_55_02.fasta	3	0
66	HLA-B*56:01	HLA_B_56_01	/ix/djishnu/Priyamvada/virauto/data/epitopes/iedb/netmhcpan/fasta_by_allele/HLA_B_56_01.fasta	18	7
67	HLA-B*57:01	HLA_B_57_01	/ix/djishnu/Priyamvada/virauto/data/epitopes/iedb/netmhcpan/fasta_by_allele/HLA_B_57_01.fasta	599	156
68	HLA-B*57:03	HLA_B_57_03	/ix/djishnu/Priyamvada/virauto/data/epitopes/iedb/netmhcpan/fasta_by_allele/HLA_B_57_03.fasta	9	0
69	HLA-B*58:01	HLA_B_58_01	/ix/djishnu/Priyamvada/virauto/data/epitopes/iedb/netmhcpan/fasta_by_allele/HLA_B_58_01.fasta	525	189
70	HLA-B*58:02	HLA_B_58_02	/ix/djishnu/Priyamvada/virauto/data/epitopes/iedb/netmhcpan/fasta_by_allele/HLA_B_58_02.fasta	8	9
71	HLA-B*81:01	HLA_B_81_01	/ix/djishnu/Priyamvada/virauto/data/epitopes/iedb/netmhcpan/fasta_by_allele/HLA_B_81_01.fasta	2	3
72	HLA-C*01:02	HLA_C_01_02	/ix/djishnu/Priyamvada/virauto/data/epitopes/iedb/netmhcpan/fasta_by_allele/HLA_C_01_02.fasta	3	3
73	HLA-C*03:02	HLA_C_03_02	/ix/djishnu/Priyamvada/virauto/data/epitopes/iedb/netmhcpan/fasta_by_allele/HLA_C_03_02.fasta	10	2
74	HLA-C*03:03	HLA_C_03_03	/ix/djishnu/Priyamvada/virauto/data/epitopes/iedb/netmhcpan/fasta_by_allele/HLA_C_03_03.fasta	9	0
75	HLA-C*03:04	HLA_C_03_04	/ix/djishnu/Priyamvada/virauto/data/epitopes/iedb/netmhcpan/fasta_by_allele/HLA_C_03_04.fasta	10	0
76	HLA-C*03:13	HLA_C_03_13	/ix/djishnu/Priyamvada/virauto/data/epitopes/iedb/netmhcpan/fasta_by_allele/HLA_C_03_13.fasta	2	0
77	HLA-C*04:01	HLA_C_04_01	/ix/djishnu/Priyamvada/virauto/data/epitopes/iedb/netmhcpan/fasta_by_allele/HLA_C_04_01.fasta	17	4
78	HLA-C*05:01	HLA_C_05_01	/ix/djishnu/Priyamvada/virauto/data/epitopes/iedb/netmhcpan/fasta_by_allele/HLA_C_05_01.fasta	3	0
79	HLA-C*06:02	HLA_C_06_02	/ix/djishnu/Priyamvada/virauto/data/epitopes/iedb/netmhcpan/fasta_by_allele/HLA_C_06_02.fasta	374	139
80	HLA-C*07:01	HLA_C_07_01	/ix/djishnu/Priyamvada/virauto/data/epitopes/iedb/netmhcpan/fasta_by_allele/HLA_C_07_01.fasta	107	49
81	HLA-C*07:02	HLA_C_07_02	/ix/djishnu/Priyamvada/virauto/data/epitopes/iedb/netmhcpan/fasta_by_allele/HLA_C_07_02.fasta	247	73
82	HLA-C*08:01	HLA_C_08_01	/ix/djishnu/Priyamvada/virauto/data/epitopes/iedb/netmhcpan/fasta_by_allele/HLA_C_08_01.fasta	43	13
83	HLA-C*08:02	HLA_C_08_02	/ix/djishnu/Priyamvada/virauto/data/epitopes/iedb/netmhcpan/fasta_by_allele/HLA_C_08_02.fasta	4	5
84	HLA-C*12:02	HLA_C_12_02	/ix/djishnu/Priyamvada/virauto/data/epitopes/iedb/netmhcpan/fasta_by_allele/HLA_C_12_02.fasta	11	11
85	HLA-C*15:02	HLA_C_15_02	/ix/djishnu/Priyamvada/virauto/data/epitopes/iedb/netmhcpan/fasta_by_allele/HLA_C_15_02.fasta	28	6
